Year,Quarter,Recession,R_,pi_c_,pi_i_,pi_d_,dy_,dc_,di_,dimp_,dex_,dE_,m3tb,aa10y,tb10y,tb1y,tb2y,tb3y,tb5y,tb7y,tb20y,tb30y,aaaboa,aaboa,aboa,bbbboa,aaadefault,aadefault,adefault,bbbdefault,sp500,sp500d,spmid,spmidd,spsmall,spsmalld,spdiv,spdivd,pspe,psped,spginfra,spginfrad,oil,gold,reitret,reitinc,reitdiv,ereit,ereitinc,ereitdiv,mreitret,mreitinc,mreitdiv,wage,aa1y,aa2y,aa3y,aa5y,aa7y,aa20y,aa30y,commod
1991,2,0,1.466691304,0.73801073,0.091159642,0.259852896,0.776694733,1.368396227,-0.413707427,NA,NA,1.430979894,5.693,0.89,8.24,6.32,6.9,7.33,7.9,8.14,NA,8.42,NA,NA,NA,NA,0,0,0,0.55,-1.082031072,3.14,NA,NA,NA,NA,NA,NA,NA,NA,NA,NA,4.73764646,3.570926473,-0.548773545,2.61,7.883333333,-1.205616856,1.98,7.883333333,0.400125584,3.89,12.71333333,1.347677617,0.88,0.73,0.67,0.78,0.9,NA,1.07,NA
1991,3,0,1.444516443,0.878482956,-0.05192961,0.086467796,0.504024267,1.173072213,-0.917392609,NA,NA,-0.360423543,5.254,1.12,7.47,5.42,5.99,6.28,6.92,7.29,NA,7.82,NA,NA,NA,NA,0,0,0,0.55,4.499402096,3.14,NA,NA,NA,NA,NA,NA,NA,NA,NA,NA,8.219844358,-3.651418488,1.597016537,2.33,8.14,1.990245995,2.04,8.14,1.497551429,3.07,12.73333333,0.900714289,1.15,0.93,1,0.91,0.92,NA,1.29,NA
1991,4,0,1.294090413,0.508906951,-0.297259068,0.258955691,0.347892821,0.671317953,-0.35472129,NA,NA,0.248675313,3.958,0.71,6.71,4.12,4.77,5.11,5.93,6.38,NA,7.41,NA,NA,NA,NA,0,0,0,0.55,7.536227538,3.14,NA,NA,NA,NA,NA,NA,NA,NA,NA,NA,-13.93258427,-0.493096647,1.592712135,2.47,8.14,3.46388309,1.88,8.14,-6.140465106,4.09,12.79333333,0.972871417,0.77,0.7,0.78,0.82,0.7,NA,1.21,NA
1992,1,0,1.002458552,1.010109599,-0.081901393,0.344234419,1.189943662,2.478241272,-0.47380743,NA,NA,-1.491179973,4.144,0.66,7.54,4.54,5.6,6.17,6.94,7.25,NA,7.96,NA,NA,NA,NA,0,0,0,0,-3.212734453,2.84,NA,NA,NA,NA,NA,NA,NA,NA,NA,NA,1.775456919,-3.242248336,-1.06678224,2.05,7.703333333,-1.205945555,1.87,7.703333333,1.912657436,2.87,13.07666667,2.04869828,0.64,0.54,0.54,0.55,0.55,NA,1.09,NA
1992,2,0,0.92817906,0.644009381,-0.079838624,1.280427225,1.078516394,1.338648665,3.102959286,2.628025481,-0.101215914,1.962969531,3.648,0.53,7.14,4.05,4.83,5.39,6.29,6.76,NA,7.79,NA,NA,NA,NA,0,0,0,0,1.102334211,2.84,NA,NA,NA,NA,NA,NA,NA,NA,NA,NA,12.05746537,0.497512438,-0.099979476,2.28,7.833333333,0.66098304,1.96,7.833333333,-3.00534364,3.06,12.27666667,1.087900623,0.68,0.58,0.6,0.67,0.62,NA,1.05,4.9403909
1992,3,0,0.80921699,0.781531509,0.073453879,-0.254777208,0.98342046,1.701440045,1.591546959,2.619699526,2.200849733,-0.161584107,2.741,0.49,6.37,3.06,3.8,4.34,5.33,5.94,NA,7.38,NA,NA,NA,NA,0,0,0,0,2.366828207,2.84,NA,NA,NA,NA,NA,NA,NA,NA,NA,NA,-0.045787546,1.63075131,2.787405334,2.1,7.38,4.919276057,1.84,7.38,-5.85890555,3.07,12.7,0.546190118,0.6,0.47,0.47,0.62,0.49,NA,0.83,2.8648325
1992,4,0,0.772012302,0.423729448,0.018089051,0.254777208,1.03776127,1.880354097,2.604406236,2.373795844,1.066613648,0.743673809,3.141,0.54,6.7,3.61,4.56,5.12,6.04,6.43,NA,7.4,NA,NA,NA,NA,0,0,0,0,4.286740908,2.84,NA,NA,NA,NA,NA,NA,NA,NA,NA,NA,-10.71919377,-4.613180516,1.24946491,2.29,7.2,1.987354942,1.81,7.2,-4.150119255,4.32,12.00666667,1.084372609,0.84,0.63,0.61,0.62,0.67,NA,0.7,-4.2238831
1993,1,0,0.75216414,1.190907245,0.073386693,1.180452156,0.16726035,0.977514276,1.061782725,1.233141881,0.608490902,-1.029137332,2.957,0.56,6.03,3.32,3.96,4.42,5.24,5.72,NA,6.93,NA,NA,NA,NA,0,0,0,0,3.662991974,2.7,NA,NA,NA,NA,NA,NA,NA,NA,NA,NA,4.87429451,1.471913488,17.12077245,1.78,6.33,19.80479467,1.62,6.33,8.232422219,2.58,10.82666667,-0.625018215,0.72,0.56,0.53,0.63,0.7,NA,0.54,-1.9599949
1993,2,0,0.737275433,0.555556984,0.078644764,0.167504227,0.580730119,1.575425919,2.024852797,2.932868846,1.02645042,2.316733905,3.08,0.53,5.8,3.45,4.03,4.39,5.05,5.46,NA,6.68,NA,NA,NA,NA,0,0,0,0,-0.252399754,2.7,NA,NA,NA,NA,NA,NA,NA,NA,NA,NA,-7.925636008,12.03374778,-4.474880926,1.72,6.28,-4.300534756,1.46,6.28,-7.222809588,3.06,10.67,1.011867569,0.65,0.5,0.52,0.54,0.59,NA,0.71,1.2261513
1993,3,0,0.762088713,0.483593343,-0.055257427,-0.924764892,0.476179198,1.540784397,0.747353993,0.689055658,-0.01502799,0.206594089,2.977,0.56,5.4,3.39,3.89,4.24,4.79,5.11,NA,6.04,NA,NA,NA,NA,0,0,0,0,1.864469407,2.7,NA,NA,NA,NA,NA,NA,NA,NA,NA,NA,-0.531349628,-6.064209275,7.244891088,1.55,6.06,7.847673164,1.41,6.06,5.423472053,2.12,10.20666667,0.277458591,0.52,0.47,0.48,0.55,0.58,NA,0.67,-3.5472734
1993,4,0,0.744720064,0.481265968,0.305658092,0.337268448,1.350946809,1.448325287,3.849102604,3.311941875,3.496909278,1.031037762,3.059,0.44,5.83,3.63,4.25,4.58,5.21,5.53,6.48,6.35,NA,NA,NA,NA,0,0,0,0,1.638598286,2.7,NA,NA,NA,NA,NA,NA,NA,NA,NA,NA,-23.31730769,10.19690577,-7.83956208,1.98,6.526666667,-8.661459284,1.34,6.526666667,-5.914473271,6.25,10.05333333,0.801648961,0.44,0.35,0.32,0.3,0.4,0.3,0.56,-3.4646811
1994,1,0,0.759607662,0.955638672,0.273027599,0.92166551,0.965539903,1.494968802,1.325843781,2.359584288,1.095726726,-0.616456408,3.553,0.44,6.77,4.5,5.21,5.66,6.23,6.59,7.23,7.11,NA,NA,NA,NA,0,0,0.14,0,-4.433491793,2.89,NA,NA,NA,NA,NA,NA,NA,NA,NA,NA,2.960640892,-0.650925335,0.655116996,1.58,6.783333333,1.986282524,1.39,6.783333333,-10.27390442,3.2,10.41666667,-0.349971736,0.44,0.28,0.31,0.38,0.43,0.37,0.72,0.00556142
1994,2,0,0.886062843,0.542006747,0.211137582,0.416147084,1.345947222,1.331434767,1.756077583,3.692271956,2.966419074,2.531869771,4.215,0.5,7.34,5.51,6.19,6.52,6.97,7.18,7.75,7.63,NA,NA,NA,NA,0,0,0.14,0,-0.336496408,2.89,NA,NA,NA,NA,NA,NA,NA,NA,NA,NA,31.05548038,-0.244090442,-0.364163966,1.8,6.996666667,0.145449656,1.7,6.996666667,-6.211690502,2.41,11.47333333,1.332326227,0.55,0.34,0.37,0.41,0.45,0.4,0.69,8.2179831
1994,3,0,1.059368821,0.941499893,0.213849744,0.579711768,0.582813578,1.475197599,1.908830683,4.358724792,4.198511719,0.366273816,4.773,0.46,7.62,5.96,6.62,6.92,7.28,7.46,7.98,7.82,NA,NA,NA,NA,0,0,0.14,0,4.150629675,2.89,NA,NA,NA,NA,NA,NA,NA,NA,NA,NA,-5.214248838,1.699935608,-3.53995655,1.84,7.32,-3.672871001,1.65,7.32,-4.211432496,3.76,11.18333333,0.154965224,0.47,0.24,0.24,0.4,0.45,0.42,0.68,4.3341975
1994,4,0,1.182975175,0.200601873,0.095715427,0.494234943,1.139012993,1.543998535,3.922851923,3.113026434,2.530973508,1.092550054,5.687,0.59,7.84,7.2,7.69,7.8,7.83,7.84,8.02,7.89,NA,NA,NA,NA,0,0,0.14,0,-0.743446666,2.89,NA,NA,NA,NA,NA,NA,NA,NA,NA,NA,-3.213507625,-2.93782449,-3.250660899,2.2,7.88,-1.941163081,1.94,7.88,-17.90113,3.55,13.35666667,0.824039314,0.5,0.38,0.38,0.5,0.59,0.6,0.8,0.6786371
1995,1,0,1.373030645,1.129204958,0.43639332,1.387211148,0.354128367,0.737384921,4.065240807,3.232181601,3.376330011,-0.767234267,5.87,0.51,7.2,6.49,6.8,6.92,7.08,7.17,7.54,7.44,NA,NA,NA,NA,0,0,0,0.17,9.023015436,2.24,NA,NA,NA,NA,NA,NA,NA,NA,NA,NA,7.934721441,2.283105023,-0.991762171,2.09,7.926666667,-2.116827952,1.96,7.926666667,16.75603064,3.76,10.57333333,0.750489139,0.49,0.37,0.39,0.44,0.45,0.39,0.59,3.3287781
1995,2,0,1.501175762,0.723925504,0.326049761,0.807106883,0.297896724,1.453122201,1.278970457,2.98264321,2.661797424,1.93842878,5.568,0.48,6.21,5.65,5.79,5.88,5.98,6.12,6.64,6.63,NA,NA,NA,NA,0,0,0,0.17,8.795512331,2.24,NA,NA,NA,NA,NA,NA,NA,NA,NA,NA,-9.384775808,-1.262755102,4.479930169,2.04,7.84,3.809584364,2,7.84,8.94946715,2.21,8.876666667,0.650314128,0.39,0.42,0.4,0.43,0.42,0.46,0.78,2.3179359
1995,3,0,1.45190861,0.457966126,0.275060343,-0.080418179,0.847079663,1.30995077,0.910473857,-0.766468467,3.656692523,-0.047329277,5.411,0.5,6.17,5.65,5.83,5.91,6.01,6.11,6.6,6.49,NA,NA,NA,NA,0,0,0,0.17,7.280398899,2.24,NA,NA,NA,NA,NA,NA,NA,NA,NA,NA,0.920598389,-0.788011885,2.936502738,1.98,7.616666667,2.681556992,1.98,7.616666667,8.247720216,2.11,8.643333333,0.836727262,0.43,0.38,0.4,0.46,0.49,0.52,0.88,-3.0124741
1995,4,0,1.42973047,0.195630972,-0.222907471,0.801286339,0.676726063,1.133714213,1.697421465,0.356304205,1.084397272,0.70591898,5.077,0.57,5.58,5.18,5.18,5.25,5.38,5.49,6.01,5.96,NA,NA,NA,NA,0,0,0,0.17,5.393477431,2.24,NA,NA,NA,NA,NA,NA,NA,NA,NA,NA,11.40250855,0.78125,2.475033151,2.04,7.603333333,2.133070424,1.97,7.603333333,6.627990982,2.86,8.93,0.692238591,0.28,0.31,0.34,0.45,0.49,0.64,0.78,-0.4285001
1996,1,0,1.380428098,1.423051181,-0.318556427,0.557104505,0.746156138,1.471811628,2.184388845,3.270574943,1.360202974,-0.804875713,5.14,0.55,6.34,5.41,5.79,5.91,6.1,6.3,6.83,6.67,NA,NA,NA,NA,0,0,0,0,4.80087142,2,NA,NA,NA,NA,NA,NA,NA,NA,NA,NA,9.672466735,2.416020672,1.192397125,1.36,7.273333333,1.061886817,1.19,7.273333333,3.101714799,3.31,9.036666667,0.950535981,0.44,0.37,0.31,0.41,0.43,0.56,0.76,2.60822
1996,2,0,1.296558239,0.640207052,-0.389913078,0.869227124,1.654091591,1.736745616,2.238378562,2.617325582,2.006702177,2.200282086,5.157,0.46,6.73,5.7,6.11,6.3,6.47,6.61,7.03,6.9,NA,NA,NA,NA,0,0,0,0,3.893106894,2,NA,NA,NA,NA,NA,NA,NA,NA,NA,NA,-2.379841344,-3.620537404,2.46454804,1.97,7.373333333,2.4771452,1.93,7.373333333,6.555298598,2.11,9.376666667,1.158456505,0.49,0.35,0.31,0.42,0.45,0.54,0.64,4.6086858
1996,3,0,1.340968691,0.699525905,0.018901805,0.31421864,0.892992306,1.02918449,3.116823293,1.473891578,-0.800040224,0,5.032,0.49,6.72,5.71,6.1,6.28,6.46,6.6,7.05,6.93,NA,NA,NA,NA,0,0,0,0,2.490197557,2,NA,NA,NA,NA,NA,NA,NA,NA,NA,NA,15.67877629,-0.785340314,4.870069585,1.84,7.193333333,4.63176017,1.83,7.193333333,8.534537439,2.03,9.5,0.934669573,0.52,0.37,0.37,0.43,0.42,0.61,0.66,-0.858199
1996,4,0,1.301493708,0.505690079,-0.207064437,0.391389932,1.033027835,1.47280401,2.299404665,1.664735077,4.80117427,0.954832251,5.171,0.51,6.43,5.51,5.88,6.04,6.21,6.34,6.73,6.65,0.29,0.39,0.54,0.83,0,0,0,0,7.770644622,2,NA,NA,NA,NA,NA,NA,NA,NA,NA,NA,7.024793388,-2.572559367,16.37859533,2.03,6.523333333,16.58082958,2.03,6.523333333,15.08517058,2.35,8.19,0.936468295,0.5,0.34,0.31,0.37,0.39,0.64,0.67,1.9886016
1997,1,0,1.303961351,0.878850603,-0.131608751,-0.156372198,0.643489523,1.489791753,2.163765395,3.745849195,1.932988341,-0.656446699,5.322,0.4,6.92,6.02,6.45,6.6,6.77,6.89,7.22,7.1,0.33,0.41,0.54,0.8,0,0,0,0.25,2.211302916,1.61,NA,NA,NA,NA,NA,NA,NA,NA,NA,NA,-21.42857143,-5.714285714,-1.28244925,1.55,6.07,-0.802610345,1.5,6.07,-4.78955236,2.05,8.166666667,1.381536689,0.47,0.3,0.29,0.35,0.36,0.55,0.6,-1.2513287
1997,2,0,1.368098706,0.187324438,-0.063233777,-0.470589104,1.648341356,0.699942295,1.991065683,1.389290425,4.07081261,2.207937551,5.167,0.54,6.51,5.67,6.08,6.25,6.4,6.49,6.86,6.8,0.35,0.45,0.59,0.82,0,0,0,0.25,16.90881509,1.61,NA,NA,NA,NA,NA,NA,NA,NA,NA,NA,-2.604422604,-3.9063622,3.967353805,1.66,6.246666667,3.31943311,1.6,6.246666667,13.24962972,2.08,8.53,0.824354729,0.34,0.26,0.26,0.36,0.42,0.58,0.6,-4.5057047
1997,3,0,1.370564706,0.559877046,-0.076988387,0.078585466,1.24308956,1.953141628,4.229266235,1.871788323,1.467387386,0.071016999,5.1,0.62,6.12,5.47,5.8,5.88,6,6.11,6.47,6.41,0.38,0.42,0.56,0.84,0,0,0,0.25,7.020359824,1.61,NA,NA,NA,NA,NA,NA,NA,NA,NA,NA,6.609485368,-0.732327006,9.567359117,1.33,5.73,10.38260173,1.32,5.73,0.122127251,1.2,7.833333333,1.181890572,0.48,0.31,0.33,0.42,0.46,0.54,0.61,-2.6758506
1997,4,0,1.365632645,0.062015506,-0.402780892,-0.23594191,0.855149663,1.501986514,0.233864502,1.446232122,-0.542205407,1.151000672,5.347,0.64,5.75,5.51,5.66,5.68,5.71,5.77,6.02,5.93,0.55,0.6,0.76,1.05,0,0,0,0.25,2.443835328,1.61,NA,NA,NA,NA,NA,NA,NA,NA,NA,NA,-16.46947468,-12.61668172,-0.547768115,1.59,5.556666667,0.160870544,1.56,5.556666667,-10.6771972,1.94,8.903333333,1.430114882,0.42,0.37,0.42,0.5,0.55,0.58,0.73,-2.1854927
1998,1,0,1.380428098,0.556415655,-0.582187604,-0.869914541,0.994518148,1.014189517,2.611803939,1.519395008,-0.41060692,-0.8425014,5.12,0.65,5.67,5.41,5.6,5.61,5.64,5.74,6.02,5.94,0.59,0.64,0.81,1.14,0,0,0,0.41,13.53214636,1.36,NA,NA,NA,NA,NA,NA,NA,NA,NA,NA,-10.76487252,3.72157133,-1.88081503,1.35,5.516666667,-1.765650131,1.3,5.516666667,0.871534613,2.01,8.313333333,1.519851867,0.4,0.31,0.37,0.42,0.43,0.53,0.69,-11.7658817
1998,2,0,1.353301428,0.492005913,-0.499894226,0.238000906,0.921547812,1.925364749,2.823954131,0.791043909,-1.718600114,2.217452769,5.078,0.71,5.44,5.38,5.49,5.49,5.47,5.52,5.73,5.62,0.67,0.7,0.88,1.23,0,0,0,0.41,2.912635897,1.36,NA,NA,NA,NA,NA,NA,NA,NA,NA,NA,-9.206349206,-1.561461794,-6.098488186,1.51,6.056666667,-5.984963704,1.44,6.056666667,-5.369254557,1.91,7.536666667,1.076444669,0.41,0.39,0.45,0.56,0.57,0.57,0.78,-2.0259113
1998,3,0,1.375496523,0.367422336,-0.408818592,-0.238000906,1.244787674,1.603515893,1.15987118,0.188016735,-1.256709275,-0.016520019,4.361,0.84,4.44,4.41,4.3,4.26,4.23,4.38,5.17,4.98,1.07,1.14,1.45,2.06,0,0,0,0.41,-10.30391938,1.36,NA,NA,NA,NA,NA,NA,NA,NA,NA,NA,13.21678322,-0.826864664,-12.50764342,1.73,6.863333333,-12.01309175,1.59,6.863333333,-14.44803875,1.73,8.47,1.131655393,0.73,0.7,0.74,0.8,0.77,0.85,1.07,-5.1857895
1998,4,0,1.259534457,0.183206158,-0.231437978,0,1.602963841,1.696256272,2.643152021,2.862484262,3.440395997,1.05726685,4.452,1.08,4.65,4.53,4.54,4.55,4.56,4.73,5.39,5.09,0.95,1.02,1.32,2.05,0,0,0,0.41,20.8670483,1.36,NA,NA,NA,NA,NA,NA,NA,NA,NA,NA,-25.01544163,-2.058873575,-5.488179573,1.61,7.28,-4.418728806,1.55,7.28,-19.5475393,1.63,10.04666667,1.055919972,0.67,0.68,0.86,0.91,0.82,0.91,1.37,-5.4738475
1999,1,0,1.150852218,0.668898815,-0.139120329,0.317208831,0.942020899,1.224900462,2.052293233,1.818699022,-1.160603897,-0.820740299,4.475,0.87,5.25,4.72,4.99,5.07,5.12,5.38,5.92,5.63,0.8,0.84,1.1,1.72,0,0.17,0.18,0.2,4.648439749,1.17,NA,NA,NA,NA,NA,NA,NA,NA,NA,NA,37.23228995,-2.901320361,-6.806264935,1.79,7.66,-6.556197424,1.81,7.66,-7.426419098,1.02,7.856666667,1.303821483,0.61,0.54,0.64,0.78,0.77,0.98,1.22,-2.6702118
1999,2,0,1.178033854,0.724640852,-0.253934773,1.180651259,0.766215698,1.991786694,2.365720609,4.063128825,1.242900613,2.128524716,4.779,1.1,5.81,5.07,5.53,5.59,5.67,5.93,6.29,5.98,0.76,0.84,1.11,1.69,0,0.17,0.18,0.2,6.711907642,1.17,NA,NA,NA,NA,NA,NA,NA,NA,NA,NA,16.02641056,-6.602254428,8.565895707,1.88,7.266666667,8.120084878,1.85,7.266666667,18.69517088,2.4,7.38,0.321242312,0.64,0.46,0.59,0.81,0.71,0.86,1.2,9.7170718
1999,3,0,1.239782834,1.017668166,-0.441324688,1.475754938,1.301162875,1.650607547,2.381674843,5.286350771,3.52709582,-0.027664218,4.851,1.17,5.9,5.22,5.63,5.7,5.78,6.1,6.47,6.06,0.89,0.98,1.29,1.87,0,0.17,0.18,0.2,-6.556374074,1.17,NA,NA,NA,NA,NA,NA,NA,NA,NA,NA,26.95292292,14.55938697,-11.22958316,2.1,7.963333333,-10.00514176,2.1,7.963333333,-33.21094495,1.68,8.86,0.804380836,0.98,0.82,0.76,0.97,0.9,0.97,1.36,10.7478641
1999,4,0,1.291622527,0.237953711,0.165047,0.614913544,1.685303673,2.043550711,0.607915972,4.163296226,3.04533432,1.170551263,5.328,0.99,6.45,5.98,6.24,6.29,6.36,6.55,6.83,6.48,0.84,0.9,1.09,1.65,0,0.17,0.18,0.2,14.54265147,1.17,NA,NA,NA,NA,NA,NA,NA,NA,NA,NA,4.56397718,-2.926421405,-4.295278997,2.61,8.663333333,-3.435244835,2.48,8.663333333,-18.40103607,5.51,11.85,1.723600995,0.77,0.64,0.75,0.85,0.84,0.95,1.3,8.561589
2000,1,0,1.353301428,1.708436251,0.280605381,1.822373896,0.361107374,2.356446481,3.880641526,5.652757686,2.345589905,-0.672233011,5.871,1.34,6.03,6.28,6.5,6.44,6.32,6.28,6.2,5.84,1.21,1.41,1.59,2.18,0,0,0.27,0.37,1.996253599,1.22,NA,NA,NA,NA,NA,NA,NA,NA,NA,NA,4.676539361,-4.651162791,0.307664,1.92,8.426666667,0.458783117,1.93,8.426666667,-1.232439401,1.71,11.00333333,3.161136588,0.79,0.73,0.83,1.08,1.06,1.29,1.63,7.595127
2000,2,0,1.493787236,0.698489452,0.212907455,0.973425882,1.814600755,1.410070919,3.288146022,2.808505943,3.222380596,1.868278619,5.855,1.54,6.03,6.08,6.38,6.31,6.18,6.25,6.26,5.9,1.28,1.5,1.8,2.4,0,0,0.27,0.37,-2.934777008,1.22,NA,NA,NA,NA,NA,NA,NA,NA,NA,NA,20.7743857,4.119241192,8.392450189,2.02,7.723333333,8.43637696,1.97,7.723333333,-1.99011527,3.6,11.22,-0.021813575,0.98,0.85,0.92,1.09,1.13,1.37,1.75,1.0962487
2000,3,0,1.621777802,0.751231502,0.305060683,0.371885888,0.133466179,1.595181842,1.386723591,3.696293666,2.781503293,-0.406137742,6.21,1.53,5.8,6.07,5.98,5.91,5.85,5.93,6.13,5.88,1.18,1.44,1.68,2.33,0,0,0.27,0.37,-1.243638547,1.22,10.77296321,0.840966253,3.160216968,0.32292458,NA,NA,NA,NA,NA,NA,-4.839704069,-5.032101336,5.541713291,1.91,7.296666667,5.672864427,1.89,7.296666667,5.12528124,2.27,10.92666667,1.736563516,0.71,0.79,0.98,1.17,1.22,1.55,1.84,4.7267976
2000,4,0,1.614398182,0.172562597,-0.018298951,-0.297397989,0.620957651,1.409256667,0.356942891,0.523082421,-0.678917948,0.649779747,5.895,1.67,5.12,5.32,5.11,5.06,4.99,5.16,5.59,5.46,1.18,1.48,2,2.91,0,0,0.27,0.37,-8.09113617,1.22,-3.910465801,1.860735451,-0.503375257,4.477220399,NA,NA,NA,NA,NA,NA,-13.44347263,0.292344235,0.995064434,2.57,7.763333333,1.219667466,2.51,7.763333333,1.550003055,4.14,10.98333333,0.312638052,0.73,0.9,1.06,1.3,1.32,1.63,1.91,-0.0255313
2001,1,1,1.48393502,1.256441429,-0.409911796,0.148809551,-0.285585061,1.076261718,-1.309641173,-1.828671909,-1.609487883,-1.215094593,4.286,1.47,4.93,4.09,4.18,4.33,4.62,4.86,5.6,5.46,0.77,1.02,1.54,2.46,0,0,0.27,0.34,-12.11485969,1.37,-11.23267089,0.828804905,-6.100043712,0.444058977,NA,NA,NA,NA,NA,NA,-1.30988024,-6.103115322,-0.551700059,1.6,7.38,-1.287223257,1.69,7.38,23.30797796,-0.25,9.023333333,1.591660187,0.8,0.9,0.97,1.2,1.31,1.39,1.53,-4.888268
2001,2,1,1.192857087,1.016383679,-0.034595717,0.961901608,0.582853892,0.705232946,-2.125946136,-5.339521797,-3.760248763,1.12520358,3.656,1.39,5.42,3.72,4.25,4.52,4.97,5.28,5.91,5.75,0.41,0.62,1.11,1.9,0,0,0.27,0.34,5.519985817,1.37,13.15444808,0.711169284,12.32513101,0.425615831,NA,NA,NA,NA,NA,NA,0,5.005820722,9.400177158,1.86,7.093333333,9.089189441,1.81,7.093333333,16.99103035,3.72,9.476666667,-0.121642431,0.86,0.93,0.74,1.11,1.18,1.08,1.3,1.2125318
2001,3,1,0.938086181,0.168397458,-0.24684153,-0.147383962,-0.415901767,0.401646041,-1.435692163,-3.958348116,-5.987164333,-0.973736593,2.371,1.69,4.6,2.49,2.86,3.22,3.93,4.37,5.45,5.42,0.25,0.55,1.19,2.25,0,0,0.27,0.34,-14.98228191,1.37,-16.47387346,0,-16.23541937,0,NA,NA,NA,NA,NA,NA,-11.11111111,8.314855876,-4.43080294,2.02,7.186666667,-4.44946375,1.86,7.186666667,-5.070852512,9.72,11.12333333,-0.250997272,0.8,0.87,1.15,1.29,1.37,1.34,1.52,-5.2421815
2001,4,1,0.620570472,-0.901414554,-0.141016208,-2.994235662,0.272001114,1.545063357,-3.056325813,-3.760823982,-4.32352199,-0.279635671,1.725,1.39,5.07,2.17,3.07,3.59,4.38,4.84,5.74,5.48,-0.03,0.11,0.93,1.92,0,0,0.27,0.34,10.29262216,1.37,16.73398692,1.934218074,19.79058427,1.474680783,NA,NA,NA,NA,NA,NA,-14.84641638,-5.663596042,2.967775592,2.21,7.36,2.88716577,2.05,7.36,6.88344667,6.56,13.06333333,0.563086647,0.79,0.69,1.06,1.18,1.24,0.98,1.16,-14.5427268
2002,1,0,0.431567407,1.181448341,-0.076014251,0.907721815,0.870712489,0.490581324,-2.503218329,2.701480222,1.587506777,-1.378478476,1.777,1.11,5.42,2.7,3.72,4.31,4.91,5.29,6.03,5.79,0.2,0.2,0.86,2.06,0,0,0,1.01,-0.060095205,1.79,6.722683011,0.668314371,7.07168731,0.381188825,NA,NA,NA,NA,NA,NA,31.31262525,9.005424955,6.671794113,1.58,6.65,6.563674497,1.61,6.65,4.041106496,0.84,13.95,0.7034936,0.62,0.56,0.67,0.87,0.99,0.89,1.11,3.8443954
2002,2,0,0.436545751,0.613327822,-0.093468108,0.600602406,0.603905352,1.270299189,-1.227272521,5.495729557,3.564181522,1.331416794,1.6796,1.14,4.86,2.06,2.9,3.37,4.09,4.52,5.65,5.41,0.31,0.19,0.84,2.28,0,0,0,1.01,-13.73290738,1.79,-9.448815542,0.774432636,-6.522972984,0.499632599,NA,NA,NA,NA,NA,NA,2.212895841,5.673523557,3.7825163,1.76,6.323333333,3.30950539,1.67,6.323333333,18.75339563,4.18,12.88666667,1.067388034,0.43,0.55,0.76,0.86,1.04,0.93,1.24,10.2901806
2002,3,0,0.431567407,0.609589031,-0.292924828,1.042451734,0.443586034,1.209171031,-0.619553515,1.879765818,1.286729006,-0.636745923,1.5467,1.2542,3.63,1.53,1.72,2.02,2.63,3.25,4.75,4.51,0.7,0.44,1.2,3.09,0,0,0,1.01,-17.63350678,1.79,-16.67519591,0.826598465,-18.65502447,0.604506466,NA,NA,NA,NA,NA,NA,14.18439716,1.632653061,-10.60347972,1.9,6.766666667,-10.58753229,1.67,6.766666667,-11.76071299,3.79,13.41666667,0.263006548,0.4151,0.6967,1.107,1.2069,1.3092,1.1564,1.482,5.7682459
2002,4,0,0.436545751,-0.055263886,0.035981225,-0.743497849,0.15470291,1.033828335,-1.318552486,2.519002467,-1.257873141,0.292980136,1.1898,1.1182,3.83,1.32,1.61,1.99,2.78,3.36,4.83,4.59,0.4,-0.1,0.67,2.17,0,0,0,1.01,7.916295715,1.79,5.733586531,0.707182355,4.62742059,0.846209916,NA,NA,NA,NA,NA,NA,2.026806146,7.259808465,-1.271489119,2.19,7.136666667,-1.563914138,2.01,7.136666667,4.774275037,5.29,13.51666667,0.187945081,0.2067,0.6435,1.0304,1.146,1.2604,0.999,1.3341,0.9256985
2003,1,0,0.309520491,1.807773142,-0.383374489,3.447352737,0.553233578,1.171895354,0.111189912,1.837075641,0.560829421,-1.356881247,1.108,0.974,3.83,1.19,1.51,1.93,2.78,3.35,4.84,4.6,0.23,-0.36,0.38,1.81,0,0,0,0.23,-3.596191692,1.61,-4.714356602,0.905712938,-6.126219202,0.599445931,NA,NA,NA,NA,NA,NA,-0.224287087,-3.55702765,-0.978223978,1.82,7.24,-1.098701439,1.78,7.24,-0.383675152,3.19,13.31333333,0.323667757,0.2327,0.4909,0.7266,0.9429,1.0513,0.9315,1.2491,8.9229767
2003,2,0,0.314504914,-0.27181316,-0.198270403,-1.745498862,0.856580668,1.142529084,2.529901132,-0.083339519,0.308248715,1.341643035,0.8455,0.9908,3.54,1.09,1.32,1.66,2.46,3.03,4.52,4.28,0.13,-0.5,0.13,1.24,0,0,0,0.23,14.8930661,1.61,16.98757292,1.096758496,19.86227808,0.914035955,NA,NA,NA,NA,NA,NA,-3.179190751,3.329849186,12.09291105,1.83,6.62,11.26931304,1.7,6.62,21.63232246,3.72,11.6,1.594017527,0.2252,0.4075,0.6272,0.8638,0.9055,0.97,1.3456,-8.1348951
2003,3,0,0.252181754,0.813232999,-0.265706474,0.585224787,1.683951052,2.071569167,1.832551393,2.161206075,3.019603405,-0.481961773,0.9376,1.0385,3.96,1.15,1.5,1.95,2.85,3.41,4.91,4.67,-0.14,-0.64,-0.05,0.94,0,0,0,0.23,2.203178143,1.61,6.312497917,1.020833333,7.049712722,0.784459644,NA,NA,NA,NA,NA,NA,-3.184079602,12.13872832,7.346330437,1.58,6.036666667,7.786042451,1.64,6.036666667,0.174976563,2.28,10.18333333,1.24581281,0.2918,0.3511,0.6267,0.8368,0.9402,1.0308,1.2736,3.3075949
2003,4,0,0.252181754,-0.487145754,0.158191379,0.436681917,1.141625635,1.133077898,1.407879231,3.968878598,4.966754619,0.593147357,0.9171,0.8454,4.27,1.26,1.84,2.37,3.25,3.77,5.1,4.86,-0.23,-0.66,-0.14,0.65,0,0,0,0.23,11.64192459,1.61,12.73760558,2.108563631,14.15914516,0.83503145,NA,NA,NA,NA,NA,NA,11.37375814,7.280927835,8.549777664,1.76,5.693333333,8.30497736,1.56,5.693333333,13.85392188,4.28,8.533333333,1.401565846,0.3638,0.4164,0.5929,0.6708,0.8661,0.8776,1.1196,6.0317561
2004,1,0,0.24968802,1.668050513,0.280612709,1.870558137,0.53232793,1.711933653,-0.712874982,5.328902775,4.21849856,-0.769402068,0.9375,0.9662,3.86,1.2,1.6,1.99,2.8,3.33,4.77,4.53,-0.2,-0.65,-0.08,0.73,0,0,0.08,0,1.285156885,1.62,5.119066663,0.8482531,6.26865149,0.641910371,2.69316679,3.439821694,NA,NA,NA,NA,9.966164257,1.78978979,11.13494698,1.33,5.15,10.56934777,1.36,5.15,19.57043672,1.12,7.723333333,0.267551352,0.2119,0.3114,0.4836,0.704,0.8645,0.954,1.2439,9.2070826
2004,2,0,0.24968802,1.219850714,0.594788367,1.836209783,0.759187231,1.302680736,3.064700863,5.294561849,2.607467855,1.873005621,1.2612,0.9113,4.62,2.09,2.7,3.16,3.81,4.24,5.33,5.09,-0.02,-0.38,0.14,0.84,0,0,0.08,0,1.299047736,1.62,0.537413825,0.922695359,3.37078628,0.851123536,0.651114114,3.53047561,NA,NA,NA,NA,3.272727273,-6.58484777,-7.976369938,1.51,5.626666667,-7.15955216,1.44,5.626666667,-18.30038478,2.35,9.333333333,1.38109579,0.3201,0.3688,0.4695,0.6525,0.8301,0.9185,1.1633,7.1272319
2004,3,0,0.314504914,0.105374088,0.251039336,0.905613992,0.940887783,1.601964131,3.068274501,2.154329901,1.30936462,-0.321194576,1.7003,0.8771,4.14,2.21,2.63,2.89,3.38,3.79,4.89,4.65,0.04,-0.25,0.22,0.85,0,0,0.08,0,-2.301813645,1.62,-2.269738524,0.921052647,-2.010872146,0.769076035,3.144653975,3.327942378,NA,NA,NA,NA,34.23618635,5.015159171,6.654752999,1.4,5.21,6.820302,1.34,5.21,5.251294228,2.21,8.73,1.759176777,0.3006,0.4551,0.6267,0.6806,0.8043,1.0343,1.1677,5.2333012
2004,4,0,0.43903483,0.210415648,0.693324285,0.553251757,0.996690608,1.931947153,2.726538004,4.815430689,3.339684137,0.753102286,2.2117,0.7933,4.24,2.75,3.08,3.25,3.63,3.94,4.85,4.61,0.05,0.03,0.33,0.83,0,0,0.08,0,8.73334277,1.62,11.34299264,1.164591086,12.80505354,1.089850204,6.968640872,3.421602668,NA,NA,NA,NA,-13.72074253,4.799711296,12.63775221,1.86,4.783333333,13.41452585,1.66,4.783333333,4.960781671,3.77,7.906666667,0.260655058,0.3796,0.369,0.4649,0.5938,0.7171,0.8839,1.0813,2.2561885
2005,1,0,0.568381647,1.564161191,0.920577727,2.654119727,1.100881537,1.149352488,2.362239636,1.587432116,3.315505478,-0.784069872,2.7664,0.7217,4.5,3.35,3.8,3.96,4.18,4.33,4.88,4.64,0.32,0.27,0.54,1.18,0,0,0,0.07,-2.585160478,1.76,-0.634833698,1.378476337,-2.37232845,1.20951374,-2.36156507,2.996742573,NA,NA,NA,NA,29.34985968,-1.859504132,-8.658570435,1.14,5,-8.128275155,1.15,5,-13.88215114,1.25,8.733333333,0.550095471,0.441,0.4568,0.4379,0.5352,0.6232,0.8733,1.0087,6.8490631
2005,2,0,0.695078721,0.618877684,0.63770091,0.469012585,0.460499384,1.727037142,2.240345089,2.826461655,2.433490756,2.015420792,3.1161,0.8106,3.94,3.45,3.66,3.67,3.72,3.8,4.28,4.04,0.53,0.48,0.73,1.3,0,0,0,0.07,0.909713813,1.76,4.198360335,0.943109247,3.909348442,0.793201133,2.969139233,3.082568756,NA,NA,NA,NA,2.386548545,2.245614035,12.02896442,1.38,4.79,13.07165446,1.26,4.79,3.44813134,2.54,9.903333333,0.516652697,0.4086,0.4323,0.4922,0.5943,0.7542,0.9165,1.1934,6.3456784
2005,3,0,0.81169681,2.186713116,0.356993795,3.028539559,0.887384916,2.029391536,2.420345264,2.391900627,0.67117173,-0.134834811,3.5376,0.762,4.34,4.01,4.18,4.18,4.18,4.23,4.62,4.38,0.54,0.54,0.74,1.24,0,0,0,0.07,3.146072405,1.76,4.846715328,1.074452555,4.980003635,0.748818611,0.890975215,3.013121659,NA,NA,NA,NA,16.91682854,8.270418668,0.520572459,1.39,4.463333333,2.488767098,1.3,4.463333333,-18.67687407,2.2,9.966666667,1.164417997,0.3644,0.3996,0.4617,0.5637,0.7875,0.8861,1.2197,10.8138335
2005,4,0,0.940562807,-1.01113096,0.772115134,-0.91205844,0.62947775,1.075446207,1.542334318,5.036859431,3.591872834,0.800411861,4.074,0.839,4.39,4.38,4.41,4.37,4.35,4.36,4.61,4.37,0.67,0.67,0.88,1.46,0,0,0,0.07,1.585271854,1.76,2.756896408,1.487050961,0.069255543,0.893351831,-1.637766565,2.980089964,NA,NA,NA,NA,-7.778281226,8.399366086,-0.344780037,1.61,4.61,0.192999725,1.35,4.61,-4.598656672,4.35,10.96666667,0.929094329,0.3683,0.4302,0.496,0.6337,0.7678,0.9223,1.2336,-1.83718
2006,1,0,1.066789512,1.51288816,0.617182594,1.429524019,1.321516503,1.616477226,3.91586166,2.275410387,4.592295171,-0.55088838,4.6023,0.8257,4.86,4.82,4.82,4.83,4.82,4.83,5.07,4.9,0.62,0.65,0.87,1.21,0,0,0,0,3.731501057,1.76,7.425468533,1.094850904,12.8546782,0.809688581,2.350641605,3.708782361,NA,NA,NA,NA,8.499836227,13.4502924,12.70408469,1.17,4.113333333,13.49783988,1.12,4.113333333,3.536734242,1.8,10.18333333,2.234457562,0.3892,0.4552,0.4955,0.6414,0.7252,0.8354,1.1442,7.1785806
2006,2,0,1.1903867,1.539638062,0.493093542,2.861880531,0.233427086,1.306981864,2.227741836,2.085695,3.475165659,1.63054864,4.9757,0.9522,5.15,5.21,5.16,5.13,5.1,5.11,5.31,5.19,0.63,0.68,0.92,1.29,0,0,0,0,-1.905213967,1.76,-3.63269051,0.110998992,-4.798414546,0.643875478,0.57416267,3.604465652,NA,NA,NA,NA,11.60754717,5.412371134,-2.278825725,1.2,4.263333333,-2.655308125,1.09,4.263333333,3.570072932,2.53,9.926666667,0.271532682,0.4973,0.512,0.5934,0.7325,0.8517,1.0028,1.2522,11.3877208
2006,3,0,1.301493708,0,0.615545717,-1.707281431,0.154513359,1.32431624,2.314475712,2.232828878,1.199444375,-0.218501314,4.8719,0.8732,4.64,4.91,4.71,4.62,4.59,4.6,4.84,4.77,0.65,0.7,0.92,1.31,0,0,0,0,5.168479573,1.76,-1.25654447,1.183246042,-1.304344647,0.805153005,5.344115044,3.590231469,NA,NA,NA,NA,-14.93102516,-2.322738386,7.440303022,1.14,4,8.160424723,1.05,4,-2.446439105,2.41,10.32333333,0.435245075,0.4006,0.4679,0.5436,0.6197,0.7392,1.0491,1.3167,1.0157702
2006,4,0,1.303961351,-0.543613891,0.778725722,0.063755182,0.848257333,0.794263363,1.833473086,-0.739761087,4.272105593,0.708390636,5.0061,0.7732,4.71,5,4.82,4.74,4.7,4.7,4.91,4.81,0.62,0.66,0.88,1.25,0,0,0,0,6.172105737,1.76,6.269877883,1.569459131,7.66845815,1.037689672,6.472983592,3.167243715,NA,NA,NA,NA,-3.259141494,5.465164789,8.420671394,1.19,3.67,8.36442858,1.04,3.67,3.643109274,2.98,9.44,1.64797463,0.3439,0.473,0.4445,0.5532,0.6515,1.0097,1.1989,-6.8945504
2007,1,0,1.303961351,1.74484719,0.486951803,2.018996026,0.235216257,1.497932411,2.271061528,1.545927756,2.577034898,-0.87331084,5.0276,0.8297,4.65,4.9,4.58,4.54,4.54,4.58,4.92,4.84,0.61,0.68,0.88,1.24,0,0,0,0,0.18049326,1.87,5.525757903,2.045653038,2.909540928,0.697075336,1.01794708,3.166972862,1.431797233,1.085154443,NA,NA,8.364831553,4.707278481,1.195902279,0.86,3.566666667,2.602205649,0.83,3.566666667,-15.65261199,1.54,9.723333333,2.353646061,0.3689,0.5094,0.5133,0.647,0.7397,1.0973,1.3612,-0.1224856
2007,2,0,1.303961351,1.450337723,0.190256293,2.223686437,0.571237726,0.993111746,2.385855118,2.430789063,3.172747161,1.631341004,4.802,0.9444,5.03,4.91,4.87,4.89,4.92,4.96,5.21,5.12,0.6,0.67,0.92,1.23,0,0,0,0,5.805638266,1.87,5.531916206,0.973995295,4.697384497,1.554999172,0.61581808,3.263820991,0.965824666,3.23922734,3.570769724,1.972683264,6.869881711,-1.700037779,-9.80650985,1.02,3.916666667,-9.91213503,0.94,3.916666667,-8.664645029,2.06,9.71,0.10323345,0.5434,0.5629,0.5478,0.6666,0.7487,1.0347,1.3676,10.7741662
2007,3,0,1.306428933,0.06621214,-0.037615579,0,0.541800932,1.124416112,1.519019143,1.780287068,3.665474216,-0.518677098,3.7956,1.4036,4.59,4.05,3.97,4.03,4.23,4.38,4.89,4.83,0.74,0.95,1.26,1.62,0,0,0,0,1.556525385,1.87,-1.232077747,0.958781373,-1.898731418,0.691983142,-3.602720874,3.321741596,-5.224429728,1.662987491,3.32261522,1.972683264,15.85071662,14.2198309,-0.823083206,1.16,4.313333333,1.512132987,1.07,4.313333333,-30.12772491,2.71,12.96333333,0.301965094,0.8894,1.0264,1.0581,1.236,1.3056,1.4867,1.7674,5.1449632
2007,4,1,1.182975175,0.738786614,-0.029492375,1.935934629,0.606002006,1.262810536,1.500646145,2.944089234,4.443061039,0.606298122,3.2368,1.9018,4.04,3.34,3.05,3.07,3.45,3.7,4.5,4.45,0.84,1.31,1.7,2.24,0,0,0,0,-3.824464713,1.87,-3.674300295,1.220231345,-6.781367742,1.095340502,-6.940843855,3.613275457,-14.47980978,8.400621118,4.65075899,1.972683264,17.52817246,12.21399731,-13.14232658,1.31,4.56,-13.73345975,1.16,4.56,-2.82756181,3.2,11.00333333,0.979236333,1.266,1.6584,1.7348,1.7957,1.8824,1.9954,2.2937,12.1971783
2008,1,1,0.980180497,1.648902701,0.430335188,3.820623368,-0.5763576,0.570372894,0.826568438,4.545892334,3.653439801,-1.387209378,1.3156,2.4398,3.45,1.55,1.62,1.79,2.46,2.88,4.3,4.3,1.01,1.87,2.47,3.02,0,0.38,0.39,0.49,-9.919913065,3.23,-8.476576207,0.819401911,-7.828354834,0.455244568,-10.26515616,4.205303278,-11.89287735,4.32137974,-7.979511118,3.111763538,5.825951016,11.96401799,-1.646267644,1.25,5.063333333,0.210309704,1.19,5.063333333,-23.20012911,1.83,11.51666667,1.071699558,2.0027,2.297,2.6457,2.6434,2.4859,2.6894,2.985,11.4936942
2008,2,1,0.568381647,2.445865235,0.309425585,4.840562273,0.515058393,1.186679562,0.512169071,3.871506577,5.242925001,0.944729188,1.7306,2.0019,3.99,2.36,2.63,2.91,3.34,3.61,4.59,4.53,1.08,1.84,2.52,2.77,0,0.38,0.39,0.49,-3.228241671,3.23,4.939547336,1.358374102,0.400463875,1.041214751,-14.89545386,4.361499989,-11.90108192,3.874291602,4.003588797,3.111763538,37.8373055,-0.348152116,-6.371329408,1.27,4.906666667,-6.0556447,1.16,4.906666667,-7.969070276,3.29,13.04666667,0.22532533,1.469,1.986,2.3438,2.198,2.1332,2.0528,2.3403,18.2467561
2008,3,1,0.501241682,-0.014625295,1.039546943,0.493286832,-0.54282623,0.279341292,-0.845046241,0.831826192,0.512080787,-1.11229077,0.9044,3.5604,3.85,1.78,2,2.28,2.98,3.38,4.43,4.31,2.6,3.2,4.38,4.04,0,0.38,0.39,0.49,-8.878126172,3.23,-11.3017906,1.304241204,-1.096892175,1.189961815,8.101526904,4.499492386,-4.795315789,8.725146199,-17.67650785,3.111763538,-28.05087168,-4.918032787,3.069864481,1.42,5.086666667,4.251561016,1.26,5.086666667,-11.51022447,3.63,16.08333333,0.709352299,2.8341,3.0961,3.243,3.3537,3.2766,3.5986,3.7278,-2.8699215
2008,4,1,0.242206443,-3.988771496,1.502430618,-10.84635573,-2.187564921,-2.447157433,-4.497687934,-15.70958296,-12.24051825,-1.037828137,0.0761,4.4596,2.25,0.37,0.76,1,1.55,1.87,3.05,2.69,2.82,3.57,5.2,7.42,0,0.38,0.39,0.49,-22.55821431,3.23,-26.29905851,2.117191789,-26.11325243,1.680389907,-22.44553071,4.177310136,-55.95823366,7.100736665,-14.04906089,3.111763538,-55.71002979,-1.667608819,-37.869919,2.03,8.133333333,-39.99925542,1.83,8.133333333,-4.807357439,4.65,16.96666667,0.701192035,4.7755,5.188,5.077,4.8619,4.6445,4.2648,4.3513,-40.5175975
2009,1,1,0.037492971,1.173237839,-0.724100388,-0.733948249,-1.129044839,-0.828192326,-8.555816314,-19.18293452,-11.81885049,-3.034558797,0.2009,4.2353,2.71,0.57,0.81,1.15,1.67,2.28,3.61,3.56,2.01,3.29,4.9,6.72,0,0,0.22,0.55,-11.66675948,2.02,-8.738053301,1.507594168,-17.23903037,1.128041795,-24.17050559,4.243158047,-24.26778243,1.283124128,-19.102224,5.404101327,11.30044843,5.37510779,-31.09414404,1.79,9.383333333,-33.09143219,1.68,9.383333333,-11.13376276,2.64,15.63,-2.716985065,3.9971,4.5648,4.6343,4.5581,4.4493,3.971,4.0683,-14.6178545
2009,2,1,0.037492971,1.393106596,-1.346482262,3.32055862,-0.144093514,0.041913593,-4.436412956,-2.667035944,0.228455755,0.208629758,0.1775,2.1855,3.53,0.56,1.11,1.64,2.54,3.19,4.3,4.32,0.43,1.28,2.27,3.68,0,0,0.22,0.55,15.22177958,2.02,18.73844951,1.520443868,22.09398186,1.253091509,12.93517129,5.071862187,34.9907919,2.209944751,12.27382388,5.404101327,40.65269944,1.963993453,25.38877031,1.77,6.153333333,26.98427389,1.56,6.153333333,10.63155208,4.02,15.26666667,1.835016413,1.6027,2.2039,2.2798,2.3086,2.1986,1.907,2.0049,15.4990277
2009,3,0,0.039992002,0.127877848,-1.147097114,0.118694376,0.363449821,1.375557242,-1.731798685,7.526083572,4.866969766,-1.03680763,0.1075,1.5338,3.31,0.4,0.95,1.45,2.31,2.93,4.02,4.03,0.21,0.65,1.41,2.46,0,0,0.22,0.55,14.98498324,2.02,19.31129228,1.398165748,17.80328607,1.143371596,16.7137976,4.468325665,27.96725784,5.184174625,12.9465458,3.514863342,0.916642796,6.554307116,29.85722475,1.38,4.433333333,31.86214404,1.17,4.433333333,16.28604589,3.72,13.90666667,0.466944101,0.6861,1.2571,1.3292,1.3535,1.5169,1.3012,1.4854,10.5316823
2009,4,0,0.029995501,-0.009261017,-0.465612326,1.296423579,1.092395677,0.621495734,0.198228915,7.466102211,6.806228078,0.077311996,0.0477,1.3004,3.85,0.47,1.14,1.7,2.69,3.39,4.58,4.63,-0.12,0.06,0.84,1.73,0,0,0.22,0.55,5.488706854,2.02,5.01813945,1.955039969,4.547195262,1.299197554,6.396898473,4.177368549,-3.9445629,6.609808102,1.117719408,3.514863342,12.67385751,9.214160181,6.859733823,1.36,3.91,8.256487248,1.1,3.91,-5.303498547,4.09,14.62333333,1.052069262,0.4469,1.0168,1.0949,1.0994,1.2644,1.0465,1.3452,8.4602332
2010,1,0,0.027496219,0.775869938,-0.657782517,1.798714001,0.384041356,0.834035878,0.038562511,3.808159082,2.668075698,-1.232601765,0.1501,1.1868,3.84,0.41,1.02,1.6,2.55,3.28,4.55,4.72,-0.34,-0.19,0.61,1.29,0,0,0,0,4.87221587,1.83,8.686635344,1.08824742,8.644001877,0.921052598,4.805283535,3.826007743,9.87791343,2.343434343,-3.809967074,4.298288298,5.113994206,2.574712644,8.308812614,1.22,4.053333333,8.904086654,1.08,4.053333333,-0.472690893,2.83,14.38333333,-0.523822192,0.3891,0.8385,0.9023,0.9134,1.0949,0.8684,1.1234,4.9888132
2010,2,0,0.049987504,0.153353137,0.078094498,0.516204186,0.917803572,0.905031556,3.30526585,4.368153189,3.211465614,1.810924719,0.1704,1.4286,2.97,0.32,0.61,1,1.79,2.42,3.74,3.91,-0.06,0.39,1.19,2.01,0,0,0,0,-11.86219668,1.83,-9.631504814,0.996188094,-8.931875526,0.881412952,-7.800956106,3.694046067,-16.76767677,2.343434343,-11.7848405,4.298288298,-9.418813661,11.51949798,-4.766910962,1.12,3.896666667,-4.951069955,0.92,3.896666667,-2.353654031,3.73,13.96666667,1.522515729,0.7745,1.2183,1.2896,1.3625,1.4912,1.1157,1.3732,2.5172794
2010,3,0,0.044989878,0.217229992,0.009243995,0.399657968,0.734507154,0.873014309,2.680811814,2.815820989,3.443637009,-0.594392804,0.1532,1.3157,2.53,0.27,0.42,0.64,1.27,1.91,3.38,3.69,-0.16,0.22,0.99,1.8,0,0,0,0,10.71979453,1.83,12.59842326,1.400449885,9.142962689,1.100849649,10.39358944,3.978317228,18.68932039,2.233009709,12.86030694,3.408644317,5.767958725,5.064308682,10.98063488,1.18,3.826666667,11.76773538,0.97,3.826666667,3.852224225,3.56,13.91,0.976890547,0.6416,1.0979,1.1761,1.2409,1.364,1.0178,1.2584,-1.1166871
2010,4,0,0.047488722,0.338194821,0.291261346,2.030526616,0.500647205,1.262740339,2.215782527,2.545289533,5.480150774,0.741111242,0.1197,1.3905,3.3,0.29,0.61,1.02,2.01,2.71,4.13,4.34,-0.4,-0.12,0.63,1.42,0,0,0,0,10.20330082,1.83,13.24925042,1.568431529,15.87409376,2.240649856,6.447482921,3.723313407,9.918200409,15.58282209,1.473474915,3.408644317,14.29643527,7.53634277,6.398169278,1.21,3.636666667,6.39473334,0.99,3.636666667,6.015891236,3.67,13.53666667,0.563058605,0.683,1.0808,1.1603,1.3836,1.4451,1.0671,1.2838,12.6905987
2011,1,0,0.042490971,1.937500458,0.316960717,4.476730038,-0.240730776,1.294652588,0.181204873,5.231694134,3.278968803,-0.871295662,0.0913,1.2036,3.47,0.3,0.8,1.29,2.24,2.9,4.29,4.51,-0.51,-0.15,0.47,1.2,0,0,0,0.07,5.422055611,2.13,8.84330888,0.983570383,7.433906603,0.759456674,4.552747602,3.75451256,7.813953488,9.974115617,3.775413843,4.435634225,16.20704749,2.383493419,5.713403666,1.02,3.416666667,6.579805063,0.88,3.416666667,-1.157518288,2.7,12.98,1.35633388,0.555,0.9723,1.021,1.145,1.3,0.9162,1.0873,14.5955312
2011,2,0,0.024996876,1.004040145,0.550752439,2.00852418,0.71242951,1.201740754,3.103004875,3.548487445,3.751717255,1.81486294,0.0102,1.3837,3.18,0.19,0.45,0.81,1.76,2.5,4.09,4.38,-0.54,-0.09,0.54,1.29,0,0,0,0.07,-0.391448464,2.13,-1.023201307,0.968493577,-0.326261564,0.761283327,1.51543638,3.629387999,-8.024158758,9.974115617,-0.722950076,4.435634225,-10.25520294,4.621264767,1.782700074,1.11,3.336666667,1.998856376,0.88,3.336666667,-1.028525668,3.43,13.16,-0.038081479,0.6833,1.1228,1.1947,1.2951,1.4308,1.0632,1.2672,5.9180102
2011,3,0,0.017498469,0.515675751,0.233230345,0.209095737,-0.027782521,0.874798918,4.809766141,1.119793271,2.18291939,-0.190565918,0.0203,1.7477,1.92,0.13,0.25,0.42,0.96,1.43,2.66,2.9,0.3,1.19,1.85,2.68,0,0,0,0.07,-14.32789926,2.13,-20.17400164,1.195496454,-20.15821058,1.014729951,-8.843530191,3.507180783,-27.86116323,1.91369606,-9.419776838,4.465767519,-17.17733473,7.605446695,-15.65099329,1.13,3.726666667,-15.87423753,0.88,3.726666667,-13.25379972,3.56,14.98,0.813504411,0.9197,1.4235,1.4735,1.5614,1.7814,1.6577,1.8516,-4.5576511
2011,4,0,0.017498469,-0.537829346,0.266028894,-0.99712188,1.152616765,0.523773714,2.787146575,0.928555467,-0.029660052,0.81245707,0.0102,1.9594,1.89,0.12,0.25,0.36,0.83,1.35,2.57,2.89,0.4,1.08,1.83,2.58,0,0,0,0.07,11.15235077,2.13,12.3349189,1.851519473,16.67236761,1.667236078,11.46351113,3.673300014,3.901170351,1.085972851,2.463685102,4.465767519,25.21221335,-5.49382716,12.79359903,1.37,3.746666667,14.06421665,1.08,3.746666667,-0.007734398,3.9,15.02666667,-1.114636223,1.0181,1.3903,1.5811,1.7168,1.8991,1.9847,2.1941,-4.3569887
2012,1,0,0.019998,1.634971286,0.632384518,2.448676656,0.779943285,1.483663005,3.154823407,1.53200048,1.256421252,-0.560204548,0.0661,1.4234,2.23,0.19,0.33,0.51,1.04,1.61,3,3.35,-0.22,0.37,0.97,1.85,0,0,0,0,11.99666014,2.2,13.25191173,1.177947709,11.72766256,1.311859367,4.072901246,3.76418077,18.64831039,1.085972851,2.606942678,3.882585005,4.249721744,8.589157413,9.293164376,1.05,3.406666667,9.586083986,0.85,3.406666667,5.835514803,2.99,13.80333333,2.366759029,0.4588,0.8109,0.9941,1.1227,1.2933,1.5278,1.6434,5.9327172
2012,2,0,0.034993876,0.037483384,0.292682158,-1.347170633,0.42927879,0.38758598,2.514933584,-0.249374169,1.156281524,1.518075546,0.0811,1.4548,1.67,0.21,0.33,0.41,0.72,1.11,2.38,2.76,0.18,0.81,1.36,2.32,0,0,0,0,-3.28796055,2.2,-5.08970263,1.181213453,-3.983753217,1.420521594,0.41100787,3.824160183,-6.751054852,1.085972851,-2.096699504,3.882585005,-17.46093371,-3.84962406,3.36188914,1.18,3.336666667,3.095159075,0.89,3.336666667,5.02179335,3.38,13.12666667,0.236874749,0.5144,0.8325,1.0224,1.1595,1.3456,1.6569,1.7374,-5.7149036
2012,3,0,0.039992002,0.837090061,0.325752716,1.911708956,0.134857236,0.449400352,-0.010394812,-1.203916101,0.084414627,-0.150477963,0.0913,1.3603,1.65,0.17,0.23,0.31,0.62,1.04,2.42,2.82,-0.12,0.39,0.82,1.82,0,0,0,0,5.763640691,2.2,4.789213227,1.338005763,5.186302999,1.108229895,2.651719214,3.758675988,6.787330317,1.085972851,1.889644794,2.512364058,8.396048918,11.10416015,0.778779248,1.06,3.28,0.186466974,0.84,3.28,5.093846414,2.97,12.26666667,0.099070761,0.3095,0.5323,0.6974,0.9144,1.2025,1.6782,1.672,-0.3314971
2012,4,0,0.039992002,-0.783504511,-0.020952124,-1.859557716,0.113808459,1.006930111,1.060794512,0.337837173,0.43580358,0.858310965,0.0406,1.1729,1.78,0.16,0.25,0.36,0.72,1.18,2.54,2.95,0.22,0.25,0.63,1.55,0,0,0,0,-1.005095029,2.2,3.060394203,2.371301176,1.33644479,3.088101726,-0.762825936,3.821081831,7.203389831,8.262711864,-0.445106341,2.512364058,-0.379691907,-6.672297297,0.990020191,1.19,3.433333333,2.141503482,0.96,3.433333333,-9.401038833,3.15,12.46666667,2.330400523,0.2659,0.4422,0.6314,0.8314,1.0518,1.5081,1.5067,-0.8395222
2013,1,0,0.034993876,1.372070991,-0.252768851,1.397900061,0.881775993,0.872254628,1.031051529,0.111582768,1.698263613,-0.772295833,0.071,1.0497,1.87,0.14,0.25,0.36,0.77,1.24,2.71,3.1,0.16,0.2,0.58,1.47,0,0,0,0,10.02671495,1.94,13.14651268,1.376597877,11.47247148,1.167733705,10.76170473,3.927323413,11.56126482,4.18972332,4.843519863,5.2167734,5.891320919,-3.574660633,8.033637571,1.02,3.38,7.232763118,0.83,3.38,14.75097799,2.78,11.34666667,-1.811696022,0.2886,0.4196,0.5541,0.7341,0.8958,1.4138,1.4103,2.8596743
2013,2,0,0.037492971,0.313547783,0.165920396,-0.308960081,0.123320404,0.146126248,0.43454408,0.021835841,0.360875578,1.696201523,0.0304,1.084,2.52,0.15,0.36,0.66,1.41,1.96,3.22,3.52,0.03,0.07,0.52,1.52,0,0,0,0,2.363645537,1.94,0.373685583,1.54340836,3.733057747,1.23133474,0.96214508,3.388012511,-3.365810452,11.83348096,-3.624731192,5.2167734,-0.904977376,-25.4184264,-4.407396739,1.04,3.343333333,-2.970037279,0.85,3.343333333,-17.87971348,2.91,11.84333333,1.026963651,0.3362,0.4562,0.6555,0.8209,0.991,1.5597,1.5295,-4.3440196
2013,3,0,0.022497469,0.275845727,0.141713762,0.206079413,0.780362404,0.809502183,1.835015602,0.329723246,0.351916445,-0.094779135,0.0051,0.999,2.64,0.1,0.33,0.63,1.39,2.02,3.41,3.69,0.12,-0.12,0.3,1.39,0,0,0,0,4.685983679,1.94,7.480518615,1.561904762,10.50825624,1.094009547,3.640046754,3.355725563,5.22456462,20.82493126,6.833822517,3.410032292,6.226650062,11.28355705,-3.44119622,1.09,3.656666667,-3.511167448,0.93,3.656666667,-4.460945191,2.67,12.32333333,0.250631951,0.2531,0.3598,0.4997,0.6788,0.8662,1.4786,1.3395,3.1673825
2013,4,0,0.022497469,-0.470893297,0.344464033,-0.56774346,0.795079785,1.264390814,2.371637183,0.415651724,2.21674049,0.868598138,0.0659,0.7273,3.04,0.13,0.38,0.78,1.75,2.45,3.72,3.96,-0.1,-0.46,-0.1,0.9,0,0,0,0,9.920010177,1.94,7.789591653,1.553085239,9.348691008,1.402805555,7.552008294,3.316249823,5.400696864,21.70731707,2.784167114,3.410032292,-4.093395858,-9.197135319,-0.878444698,1.19,3.743333333,-1.179849922,1.01,3.743333333,-2.7351268,2.96,10.99333333,0.507539326,0.1553,0.2881,0.4203,0.4845,0.7276,1.1499,1.0107,-1.6015292
2014,1,0,0.017498469,1.382382851,0.449202752,1.540862535,-0.252081042,0.856944659,1.763671404,2.40934237,0.425788032,-0.802243312,0.0304,0.7443,2.73,0.13,0.44,0.9,1.73,2.3,3.31,3.56,-0.07,-0.18,0.08,0.98,0,0,0,0,1.297365297,1.92,2.735223866,1.31529783,0.925503545,1.143590234,2.761040021,3.386124832,0.41322314,4.727272727,6.872630708,3.376623235,3.463379851,7.243669572,7.468528698,1.04,3.626666667,7.549314765,0.91,3.626666667,8.440538242,2.47,9.743333333,1.481423022,0.1902,0.2225,0.2506,0.4153,0.6332,1.1735,0.9538,0.1104874
2014,2,0,0.022497469,0.863825225,0.332871046,0.508389504,1.24607736,1.561469851,2.629604727,1.782788703,1.609117546,1.903953027,0.0203,0.7689,2.53,0.11,0.47,0.88,1.62,2.13,3.08,3.34,-0.02,-0.12,0.12,0.89,0,0,0,0,4.6941269,1.92,4.080891074,1.128973586,1.770470311,1.158525513,4.991820786,3.246044735,1.481481481,0.592592593,6.577291304,3.376623235,4.43044206,1.799883878,5.846450134,1.07,3.526666667,6.146738461,0.94,3.526666667,3.375394332,2.44,9.683333333,0.154006564,0.3426,0.3405,0.3148,0.3384,0.4805,1.1911,1.2259,1.4234699
2014,3,0,0.022497469,-0.130989535,0.325869478,-0.203045755,1.201661664,1.391361698,2.404870188,-0.652170786,0.136675838,-0.008582586,0.0152,0.7278,2.52,0.13,0.58,1.07,1.78,2.22,2.98,3.21,0.16,0.05,0.3,1.11,0,0,0,0,0.615236943,1.92,-4.431085345,1.249650528,-6.949765615,1.113391065,-4.05300322,3.050142775,-9.9756691,3.925385239,-4.441827743,2.912381796,-14.04732724,-7.490494297,-3.651831358,1.03,3.583333333,-3.377288025,0.9,3.583333333,-6.728025499,2.42,10.46666667,0.960594044,0.3944,0.3945,0.3401,0.3909,0.5505,1.2496,1.4378,-5.2260631
2014,4,0,0.022497469,-1.361572332,0.268951937,-3.991200895,0.470740806,1.041124513,0.760009249,0.168871416,-0.377702402,1.07706154,0.0355,0.7737,2.17,0.25,0.67,1.1,1.65,1.97,2.47,2.75,0.33,0.35,0.63,1.64,0,0,0,0,4.391335011,1.92,5.89439645,1.951148093,9.357616132,1.752636558,7.500678209,3.357703718,-1.081081081,9.369369369,-0.287945296,2.912381796,-41.37325875,-0.863131936,11.24318352,1.09,3.47,11.89533475,0.94,3.47,1.653839024,2.8,10.49333333,0.980212751,0.4207,0.4209,0.3618,0.4365,0.596,1.4248,1.3948,-16.7960085
2015,1,0,0.027496219,0.555072126,0.235963472,-1.545461082,0.819349191,0.414721698,-0.207549951,-2.761099058,-3.804626898,-0.871996287,0.0203,0.7522,1.94,0.26,0.56,0.89,1.37,1.71,2.31,2.54,0.47,0.38,0.64,1.53,0,0,0,0,0.436640508,2.11,4.958558599,1.328729254,3.480624294,1.472909021,-1.838790886,3.012594383,2.9143898,7.176684882,0.185643564,2.730080296,-10.72029935,-1.575456053,3.11214643,0.92,3.35,3.146770958,0.81,3.35,-0.091854681,2.43,10.56333333,0.278006454,0.3348,0.3947,0.3945,0.4973,0.5902,1.4145,1.4223,-19.2333966
2015,2,0,0.029995501,1.061184412,-0.071415647,1.439640966,0.821232435,1.323853549,0.427649109,-0.330420063,0.336059229,1.839520892,0.0051,1.0461,2.35,0.28,0.64,1.01,1.63,2.07,2.83,3.11,0.47,0.34,0.6,1.53,0,0,0,0,-0.231143158,2.11,-1.315962661,1.244900678,-0.127086336,1.213250889,-3.579676583,3.315370713,2.566371681,14.61946903,-3.973648343,2.730080296,24.64375524,-1.347935973,-9.904023109,1.04,3.686666667,-9.937656294,0.93,3.686666667,-9.853124116,2.63,10.85333333,1.01840753,0.3852,0.5485,0.6539,0.7783,0.863,1.5099,1.4676,4.0695543
2015,3,0,0.03249472,-0.290820482,-0.062652963,-2.465290983,0.239827895,1.006580477,0.205041156,-0.470056075,-1.634586025,-0.142357763,-0.0203,1.0902,2.06,0.33,0.64,0.92,1.37,1.75,2.51,2.87,0.62,0.58,0.89,2.06,0,0,0,0,-6.935164416,2.11,-8.91451884,1.410854818,-9.59450135,1.214794727,-3.193615351,3.470392456,-9.404659189,0.857142857,-8.168947431,3.768386469,-24.24344317,-4.8676345,-0.355619584,1.1,3.876666667,-0.017413804,1,3.876666667,-5.46430681,2.55,11.58,0.632361317,0.3786,0.5181,0.6518,0.8615,0.9607,1.5947,1.487,-12.1749532
2015,4,0,0.029995501,-0.598564394,-0.343329453,-1.917341672,0.09985951,0.518372655,-1.336497383,-2.385039999,-2.256511134,1.092975705,0.1627,1.0637,2.27,0.65,1.06,1.31,1.76,2.09,2.67,3.01,0.59,0.55,0.89,2.15,0,0,0,0,6.453540316,2.11,1.983753737,2.023286714,3.321760345,1.872947359,3.298971821,3.810089347,0.19047619,0.857142857,-3.011909736,3.768386469,-17.59875721,-4.847396768,5.915515394,1.15,3.786666667,6.604175717,1.01,3.786666667,-4.257537958,3.2,12.02333333,1.156548926,0.392,0.4221,0.5677,0.7339,0.8446,1.5422,1.419,-9.5309741
2016,1,0,0.084963895,0.677123118,-0.543886573,-0.833106735,0.383932832,0.652127308,-0.846719428,-1.690523581,-2.340440307,-0.870761959,0.1983,0.9999,1.78,0.59,0.73,0.87,1.21,1.54,2.2,2.61,0.69,0.58,1.01,2.08,0,0,0,0,0.77301924,2.03,3.495546049,1.516520165,2.234129507,1.522114249,8.675975817,3.354155599,-1.996197719,4.258555133,8.329318528,2.790182222,-0.511715594,16.69811321,4.884092111,0.97,3.936666667,4.990109523,0.85,3.936666667,1.276074829,3.05,12.36,-0.589164252,0.1706,0.3397,0.5036,0.6978,0.7968,1.5325,1.4162,-11.0398376
2016,2,0,0.092457245,1.204647772,0.123422065,2.369909758,0.564005335,1.426702813,1.063617186,1.028359329,1.841574046,1.672052175,0.2587,1.0231,1.49,0.45,0.58,0.71,1.01,1.29,1.86,2.3,0.85,0.65,1.04,1.95,0,0,0,0,1.899274529,2.03,3.606350598,1.679991654,3.233543573,1.268544017,4.420229078,3.305110893,-2.327837051,1.399418041,3.733333333,2.790182222,30.67135896,6.770412288,6.235441043,1.09,3.746666667,6.383808907,1.01,3.746666667,6.94012907,2.65,11.19666667,1.281994842,0.3336,0.4379,0.5413,0.674,0.7823,1.5986,1.4233,17.1968454
2016,3,0,0.0974525,0.16996725,-0.182718807,-0.327332534,0.476768118,1.085224113,0.934166304,1.833104795,2.293603124,-0.037191364,0.2739,0.9535,1.6,0.59,0.77,0.88,1.14,1.42,1.99,2.32,0.87,0.61,0.93,1.7,0,0,0,0,3.307029028,2.03,3.56115405,1.899195407,6.832460201,1.215041735,0.480772754,3.250872458,7.745779543,8.107646475,2.784918595,3.212796999,-1.139424073,0.132500473,-1.941871509,0.98,3.593333333,-2.097348497,0.88,3.593333333,2.118959728,2.8,9.106666667,0.972911334,0.4291,0.4432,0.5207,0.6254,0.7046,1.4093,1.35,1.3180321
2016,4,0,0.099950033,0.001656795,0.252754765,0.490597877,0.436619781,1.116779397,0.253010832,1.499620487,-0.133827074,0.756253647,0.4974,0.9154,2.45,0.85,1.2,1.47,1.93,2.25,2.79,3.06,0.59,0.29,0.63,1.33,0,0,0,0,3.254209916,2.03,6.870912364,2.056828813,10.76923221,1.74322027,3.360949857,3.254489363,2.396313364,3.878709677,-6.210921217,3.212796999,12.63621123,-13.35349716,-3.94530946,1.08,3.95,-4.198544967,0.96,3.95,-0.55541584,2.75,10.32666667,0.599702629,0.5129,0.4946,0.5202,0.5513,0.6509,1.3131,1.2811,6.7408716
